[
  {
    "id": "2c9b6b07-4631-41a5-89fc-367e4171766d",
    "data": [
      {
        "text": "4",
        "alias": "number1",
        "meta": "@sys.number",
        "userDefined": false
      },
      {
        "text": " ",
        "userDefined": false
      },
      {
        "text": "-",
        "alias": "fourOperations",
        "meta": "@fourOperations",
        "userDefined": true
      },
      {
        "text": " ",
        "userDefined": false
      },
      {
        "text": "5",
        "alias": "number2",
        "meta": "@sys.number",
        "userDefined": false
      },
      {
        "text": " nedir",
        "userDefined": false
      }
    ],
    "isTemplate": false,
    "count": 1,
    "updated": 0
  },
  {
    "id": "09f25b61-caa8-4556-bb3f-f678251c95c6",
    "data": [
      {
        "text": "3",
        "alias": "number1",
        "meta": "@sys.number",
        "userDefined": false
      },
      {
        "text": " ",
        "userDefined": false
      },
      {
        "text": "eksi",
        "alias": "fourOperations",
        "meta": "@fourOperations",
        "userDefined": true
      },
      {
        "text": " ",
        "userDefined": false
      },
      {
        "text": "5",
        "alias": "number2",
        "meta": "@sys.number",
        "userDefined": false
      },
      {
        "text": " kaç eder",
        "userDefined": false
      }
    ],
    "isTemplate": false,
    "count": 0,
    "updated": 0
  },
  {
    "id": "b6a28bf9-00b0-4428-8612-f6e9ee0b91c2",
    "data": [
      {
        "text": "1",
        "alias": "number1",
        "meta": "@sys.number",
        "userDefined": true
      },
      {
        "text": " ",
        "userDefined": false
      },
      {
        "text": "+",
        "alias": "fourOperations",
        "meta": "@fourOperations",
        "userDefined": true
      },
      {
        "text": " ",
        "userDefined": false
      },
      {
        "text": "3",
        "alias": "number2",
        "meta": "@sys.number",
        "userDefined": true
      }
    ],
    "isTemplate": false,
    "count": 0,
    "updated": 0
  }
]