[
  {
    "id": "de913550-2e21-4829-8286-0211f649a6a5",
    "data": [
      {
        "text": "selam",
        "userDefined": false
      }
    ],
    "isTemplate": false,
    "count": 0,
    "updated": 0
  },
  {
    "id": "3c27eb71-e2a2-4699-a35f-419101dfcc6a",
    "data": [
      {
        "text": "ne güzel bir gün değil mi",
        "userDefined": false
      }
    ],
    "isTemplate": false,
    "count": 0,
    "updated": 0
  },
  {
    "id": "e9386725-bbd5-4349-b513-2b14874f7510",
    "data": [
      {
        "text": "selam naber",
        "userDefined": false
      }
    ],
    "isTemplate": false,
    "count": 0,
    "updated": 0
  },
  {
    "id": "c6569b18-dd8b-4e0a-b18b-72627187fd3b",
    "data": [
      {
        "text": "merhaba",
        "userDefined": false
      }
    ],
    "isTemplate": false,
    "count": 0,
    "updated": 0
  },
  {
    "id": "d368f87f-8fcd-4004-a179-8808b2fc7579",
    "data": [
      {
        "text": "selam dostum",
        "userDefined": false
      }
    ],
    "isTemplate": false,
    "count": 0,
    "updated": 0
  },
  {
    "id": "02bbfa7c-7a7f-4edc-9dbc-3e528bc18c0d",
    "data": [
      {
        "text": "tünaydın",
        "userDefined": false
      }
    ],
    "isTemplate": false,
    "count": 0,
    "updated": 0
  },
  {
    "id": "3711822f-af6f-4f8d-974d-2e899789b6c7",
    "data": [
      {
        "text": "seni selamlıyorum",
        "userDefined": false
      }
    ],
    "isTemplate": false,
    "count": 0,
    "updated": 0
  },
  {
    "id": "3b22ba17-c3f7-466f-ba56-951f12fbbf58",
    "data": [
      {
        "text": "yüzünü gören cennetlik",
        "userDefined": false
      }
    ],
    "isTemplate": false,
    "count": 0,
    "updated": 0
  },
  {
    "id": "3a4a7e82-ab81-4da2-8e0a-c1c1fb2b5048",
    "data": [
      {
        "text": "merhaba naber",
        "userDefined": false
      }
    ],
    "isTemplate": false,
    "count": 0,
    "updated": 0
  },
  {
    "id": "2c9bb090-c7a5-4af8-9553-524d5ac6b1dc",
    "data": [
      {
        "text": "hey",
        "userDefined": false
      }
    ],
    "isTemplate": false,
    "count": 0,
    "updated": 0
  },
  {
    "id": "84dc9bab-0532-479a-94ad-a968704a6ac7",
    "data": [
      {
        "text": "iyi günler",
        "userDefined": false
      }
    ],
    "isTemplate": false,
    "count": 0,
    "updated": 0
  },
  {
    "id": "2f640e4e-cb57-4ca0-b640-8014881ecdd7",
    "data": [
      {
        "text": "selamlar",
        "userDefined": false
      }
    ],
    "isTemplate": false,
    "count": 0,
    "updated": 0
  },
  {
    "id": "9f019eb3-c2f6-437a-aa8b-5171c21d7162",
    "data": [
      {
        "text": "selam sana",
        "userDefined": false
      }
    ],
    "isTemplate": false,
    "count": 0,
    "updated": 0
  },
  {
    "id": "a5175769-9640-41e5-a6f7-abf8bd77bf4f",
    "data": [
      {
        "text": "tekrar merhaba",
        "userDefined": false
      }
    ],
    "isTemplate": false,
    "count": 0,
    "updated": 0
  },
  {
    "id": "2be2a00c-2f8b-413e-a7e9-7381696141de",
    "data": [
      {
        "text": "selam merhaba",
        "userDefined": false
      }
    ],
    "isTemplate": false,
    "count": 0,
    "updated": 0
  },
  {
    "id": "03661348-1897-46f6-b298-28ca1f3472b8",
    "data": [
      {
        "text": "naber",
        "userDefined": false
      }
    ],
    "isTemplate": false,
    "count": 0,
    "updated": 0
  },
  {
    "id": "e2c66168-3418-4d0a-9651-cd722e0a7080",
    "data": [
      {
        "text": "merhaba demek istedim",
        "userDefined": false
      }
    ],
    "isTemplate": false,
    "count": 0,
    "updated": 0
  },
  {
    "id": "4dc2b86a-8dca-42a1-9615-0b29246c2aea",
    "data": [
      {
        "text": "merhabalar",
        "userDefined": false
      }
    ],
    "isTemplate": false,
    "count": 0,
    "updated": 0
  }
]